Wyszczególnienie;2010 I;2010 II;2010 III;2010 IV;2010 V;2010 VI;2010 VII;2010 VIII;2010 IX;2010 X;2010 XI;2010 XII;2011 I;2011 II;2011 III;2011 IV;2011 V;2011 VI;2011 VII;2011 VIII;2011 IX;2011 X;2011 XI;2011 XII;2012 I;2012 II;2012 III;2012 IV;2012 V;2012 VI;2012 VII;2012 VIII;2012 IX;2012 X;2012 XI;2012 XII;2013 I;2013 II;2013 III;2013 IV;2013 V;2013 VI;2013 VII;2013 VIII;2013 IX;2013 X;2013 XI;2013 XII;2014 I;2014 II;2014 III;2014 IV;2014 V;2014 VI;2014 VII;2014 VIII;2014 IX;2014 X;2014 XI;2014 XII;2015 I;2015 II;2015 III;2015 IV;2015 V;2015 VI;2015 VII;2015 VIII;2015 IX;2015 X;2015 XI;2015 XII;2016 I;2016 II;2016 III;2016 IV;2016 V;2016 VI;2016 VII;2016 VIII;2016 IX;2016 X;2016 XI;2016 XII;2017 I;2017 II;2017 III;2017 IV;2017 V;2017 VI;2017 VII;2017 VIII;2017 IX;2017 X;2017 XI;2017 XII;2018 I;2018 II;2018 III;2018 IV;2018 V;2018 VI;2018 VII;2018 VIII;2018 IX;2018 X;2018 XI;2018 XII;2019 I;2019 II;2019 III;2019 IV;2019 V;2019 VI;2019 VII;2019 VIII;2019 IX;2019 X;2019 XI;2019 XII;2020 I;2020 II;2020 III;2020 IV;2020 V;2020 VI;2020 VII;2020 VIII;2020 IX;2020 X;2020 XI;2020 XII;2021 I;2021 II;2021 III;2021 IV;2021 V;2021 VI;2021 VII;2021 VIII;2021 IX;2021 X;2021 XI;2021 XII;2022 I;2022 II;2022 III;2022 IV;2022 V;2022 VI;2022 VII;2022 VIII;2022 IX;2022 X;2022 XI;2022 XII;2023 I;2023 II;2023 III
Chleb pszenno-żytni - za 0.5 kg;1.87;1.87;1.88;1.87;1.87;1.87;1.87;1.88;2.01;2.07;2.07;2.08;2.09;2.13;2.20;2.21;2.23;2.23;2.22;2.22;2.23;2.24;2.25;2.25;2.25;2.25;2.25;2.26;2.26;2.26;2.26;2.26;2.25;2.25;2.25;2.25;2.26;2.26;2.25;2.25;2.25;2.24;2.24;2.23;2.23;2.23;2.22;2.22;2.22;2.21;2.21;2.20;2.20;2.20;2.20;2.20;2.20;2.20;2.20;2.20;2.21;2.21;2.20;2.21;2.21;2.20;2.20;2.20;2.19;2.20;2.20;2.21;2.22;2.21;2.20;2.21;2.21;2.20;2.20;2.20;2.20;2.21;2.22;2.21;2.22;2.22;2.23;2.23;2.23;2.24;2.25;2.28;2.28;2.29;2.30;2.31;2.33;2.34;2.35;2.35;2.34;2.35;2.37;2.38;2.41;2.47;2.53;2.56;2.59;2.62;2.62;2.63;2.65;2.65;2.65;2.65;2.67;2.69;2.71;2.73;2.76;2.83;2.86;2.89;2.92;2.92;2.94;2.95;2.96;2.97;2.97;2.98;3.00;3.03;3.05;3.07;3.10;3.13;3.14;3.17;3.21;3.30;3.38;3.51;3.62;3.67;3.78;4.05;4.14;4.21;4.26;4.30;4.35;4.44;4.51;4.56;4.70;4.78;4.81
Mąka pszenna - za 1 kg;1.88;1.88;1.86;1.85;1.86;1.85;1.83;1.84;1.96;2.05;2.07;2.09;2.12;2.16;2.29;2.28;2.30;2.33;2.32;2.32;2.34;2.33;2.34;2.32;2.32;2.35;2.35;2.34;2.36;2.37;2.38;2.39;2.39;2.37;2.41;2.38;2.42;2.45;2.47;2.47;2.50;2.50;2.54;2.52;2.52;2.52;2.51;2.49;2.50;2.49;2.49;2.40;2.46;2.47;2.45;2.46;2.45;2.44;2.41;2.39;2.45;2.45;2.41;2.42;2.44;2.43;2.38;2.43;2.43;2.43;2.43;2.38;2.45;2.46;2.40;2.48;2.48;2.47;2.47;2.49;2.50;2.50;2.47;2.42;2.50;2.52;2.53;2.46;2.51;2.48;2.50;2.51;2.52;2.46;2.49;2.43;2.53;2.49;2.44;2.46;2.47;2.47;2.52;2.53;2.52;2.51;2.54;2.51;2.62;2.64;2.68;2.66;2.72;2.73;2.73;2.73;2.77;2.78;2.87;2.82;2.88;2.91;2.95;2.91;2.98;2.98;3.03;2.98;2.99;3.00;3.01;3.00;2.96;3.04;3.07;3.07;3.01;3.00;3.10;3.12;3.10;3.17;3.22;3.33;3.49;3.51;3.62;3.80;4.06;4.20;4.34;4.61;4.70;4.71;4.69;4.67;4.82;4.84;4.89
Kasza jęczmienna - za 0.5 kg;1.81;1.80;1.81;1.82;1.82;1.82;1.82;1.81;1.82;1.83;1.84;1.87;1.89;1.95;2.01;2.04;2.04;2.06;2.07;2.08;2.10;2.11;2.11;2.13;2.15;2.16;2.16;2.18;2.18;2.16;2.16;2.16;2.18;2.20;2.23;2.23;2.23;2.23;2.24;2.24;2.25;2.22;2.22;2.25;2.25;2.25;2.27;2.27;2.27;2.29;2.29;2.24;2.24;2.21;2.22;2.23;2.22;2.23;2.22;2.20;2.18;2.19;2.19;2.18;2.18;2.19;2.20;2.21;2.20;2.20;2.19;2.21;2.21;2.21;2.20;2.20;2.21;2.22;2.21;2.20;2.19;2.21;2.22;2.22;2.22;2.22;2.22;2.23;2.23;2.23;2.23;2.24;2.24;2.27;2.29;2.28;2.27;2.28;2.30;2.30;2.31;2.30;2.30;2.29;2.31;2.30;2.31;2.32;2.32;2.35;2.36;2.38;2.39;2.37;2.37;2.39;2.40;2.40;2.42;2.41;2.42;2.43;2.44;2.49;2.54;2.57;2.58;2.57;2.57;2.59;2.60;2.60;2.63;2.60;2.63;2.65;2.67;2.66;2.68;2.66;2.66;2.71;2.78;2.84;2.90;2.95;2.97;3.16;3.25;3.29;3.35;3.40;3.52;3.58;3.68;3.72;3.79;3.83;3.83
Mięso wołowe z kością - za 1 kg;20.32;20.39;20.37;20.44;20.37;20.32;20.48;20.50;20.53;20.46;20.45;20.54;21.09;21.29;21.39;21.68;21.93;22.04;22.06;22.16;22.54;23.15;23.51;23.96;24.24;24.75;25.09;25.38;25.47;25.48;25.49;25.52;25.81;25.96;26.03;26.18;26.30;26.24;26.19;26.14;26.30;26.17;26.27;26.29;26.37;26.44;26.58;26.40;26.37;26.31;26.22;26.26;26.32;26.18;26.24;26.22;26.19;26.10;26.09;25.89;25.94;25.87;25.90;25.94;25.90;25.80;25.93;25.96;26.01;26.02;26.12;26.05;26.03;26.06;26.21;26.03;25.93;25.94;26.12;26.18;26.24;26.32;26.33;26.60;26.81;27.00;26.95;27.04;27.05;27.12;27.16;27.27;27.42;27.59;27.71;27.98;28.15;28.21;28.30;28.34;28.20;28.46;28.48;28.54;28.54;28.44;28.56;28.50;28.62;28.42;28.49;28.62;28.70;28.44;28.57;28.47;28.67;28.67;28.67;28.74;29.15;29.18;29.21;29.34;29.22;29.03;29.24;29.20;29.40;29.24;29.24;29.43;29.43;29.73;29.78;29.87;30.06;30.25;30.69;30.76;31.02;31.73;33.00;34.78;35.52;35.64;36.57;38.63;39.66;39.81;40.14;40.44;40.93;41.66;41.59;41.52;35.68;35.85;35.80
Mięso wołowe bez kości - za 1 kg;26.80;26.80;26.72;26.64;26.70;26.66;26.62;26.64;26.50;26.54;26.62;26.85;27.77;27.96;28.16;28.54;28.91;28.87;28.97;28.95;29.49;30.13;30.66;31.25;32.21;32.57;32.65;32.73;32.99;32.90;33.08;33.06;33.46;33.71;33.82;33.82;33.97;33.78;33.56;33.60;33.49;33.44;33.29;33.09;33.30;33.42;33.35;33.39;33.71;33.38;33.13;33.06;33.31;32.97;32.90;32.49;32.64;32.53;32.48;32.45;32.58;32.45;32.28;32.51;32.47;32.32;32.22;32.10;32.03;31.84;32.15;32.23;32.68;32.57;32.61;32.59;32.59;32.47;32.44;32.55;32.56;32.38;32.17;32.53;32.88;32.56;32.91;33.24;33.20;33.30;33.22;33.30;33.16;33.21;33.39;33.63;33.69;33.72;33.50;33.89;33.50;33.41;33.53;33.61;33.92;33.80;33.57;33.79;34.17;33.69;33.77;33.96;34.15;34.04;34.03;33.84;34.07;33.53;34.02;34.32;34.69;34.64;34.55;34.64;34.21;34.26;34.11;33.88;34.08;33.91;33.83;34.07;34.55;34.71;34.39;34.95;34.93;34.96;35.04;35.18;35.69;36.46;38.10;39.85;40.89;40.35;41.24;43.80;45.20;45.30;45.24;45.50;45.86;46.05;46.23;46.22;46.32;46.41;46.18
Mięso wieprzowe bez kości (schab) - za 1 kg;14.25;13.70;13.51;13.46;13.38;13.85;13.97;14.08;14.08;13.86;13.66;13.68;13.92;13.57;13.73;14.04;14.46;14.35;14.54;14.64;14.73;14.91;15.01;15.34;15.51;15.39;15.20;15.27;15.21;15.61;15.60;15.60;16.02;16.09;16.03;15.96;15.84;15.27;15.16;15.21;15.13;15.16;15.47;15.62;16.06;15.73;15.57;15.51;15.43;15.01;14.53;14.76;15.02;15.03;15.23;15.08;14.93;14.59;14.50;14.28;14.34;13.98;14.02;14.07;13.96;13.81;13.84;13.89;14.00;14.09;13.98;13.79;13.69;13.65;13.49;13.55;13.62;13.89;14.25;14.46;14.50;14.57;14.41;14.61;17.39;16.80;16.55;17.32;18.13;17.91;18.01;17.88;18.02;17.65;17.36;17.30;17.12;16.47;17.00;17.07;16.87;17.14;16.94;17.00;17.42;17.32;17.14;17.16;17.33;16.81;16.92;19.06;20.01;19.57;19.37;19.17;19.44;19.31;19.61;21.29;21.69;20.40;20.92;21.10;18.94;18.92;18.33;18.19;18.01;17.85;17.98;17.65;17.79;17.20;17.91;18.64;18.13;18.64;17.88;18.17;18.15;17.51;17.68;18.22;18.59;17.06;19.83;22.82;22.08;21.72;22.08;22.65;23.94;23.66;23.53;24.13;23.85;23.50;24.95
Kurczęta patroszone - za 1 kg;6.06;6.08;6.10;6.26;6.28;6.73;6.56;7.04;6.86;6.31;6.04;5.96;6.61;6.61;7.59;7.62;7.39;6.92;6.88;7.52;7.61;7.63;7.52;7.12;7.08;7.42;7.49;7.52;7.60;8.01;7.89;7.85;7.81;7.60;7.41;7.18;7.33;7.29;7.67;7.66;7.64;7.85;8.08;7.96;7.94;7.28;6.95;6.94;7.20;7.31;7.47;7.32;7.31;7.63;7.66;7.75;7.39;7.15;6.91;6.93;6.90;6.91;6.95;6.96;6.75;7.10;7.12;7.28;7.39;7.00;6.89;6.60;6.83;6.64;6.84;6.67;7.05;6.96;7.12;7.23;7.06;6.74;6.67;6.45;6.60;6.66;6.94;6.89;6.88;6.94;7.25;7.26;7.27;7.15;7.17;7.11;7.12;7.16;7.32;7.26;7.13;7.46;7.57;7.59;7.68;7.24;7.14;6.92;6.85;7.05;7.49;7.63;7.61;7.56;7.73;7.62;7.62;7.41;7.46;7.53;7.72;7.64;8.09;7.36;7.05;7.17;7.60;7.21;7.35;7.13;7.02;6.89;7.66;7.74;7.92;8.13;8.73;8.86;9.29;9.14;8.77;8.48;8.70;9.12;9.58;9.49;10.71;12.33;12.63;12.37;12.18;12.24;12.40;12.25;12.25;11.90;11.93;11.93;12.12
Szynka wieprzowa, np. gotowana, wędzona - za 1 kg;22.05;21.97;21.85;21.66;21.73;21.85;21.87;21.99;22.03;21.96;21.84;21.65;21.64;21.48;21.79;21.92;21.96;22.07;22.36;22.26;22.39;22.59;22.76;22.95;22.94;23.01;23.13;23.15;23.35;23.43;23.55;23.41;23.67;23.73;23.92;23.88;23.92;23.78;23.77;23.78;23.80;23.80;24.09;24.18;24.36;24.62;24.50;24.51;24.49;24.47;24.49;24.55;24.57;24.32;24.40;24.47;24.37;24.24;24.22;24.12;24.34;24.18;24.22;24.34;24.46;24.42;24.27;24.22;24.24;24.09;24.22;24.01;23.92;24.08;24.09;24.12;24.04;24.43;24.65;24.92;24.86;25.04;25.08;24.96;25.01;25.16;24.97;25.12;25.25;25.41;25.60;25.75;25.93;26.15;26.15;26.26;26.35;26.41;26.29;26.42;26.56;26.64;26.70;26.99;26.82;26.84;27.10;26.91;27.00;26.89;27.15;27.73;28.22;28.47;28.64;28.78;29.13;29.45;29.61;30.16;30.71;31.10;31.38;31.90;31.95;32.06;31.94;32.05;31.96;31.97;31.92;31.95;31.93;31.56;31.94;31.90;31.92;32.15;32.17;32.05;31.92;32.26;32.29;32.44;32.53;32.26;32.88;34.54;35.37;35.60;35.85;36.02;36.99;37.62;38.09;38.50;39.03;39.61;40.19
Polędwica drobiowa - za 1 kg;17.38;17.28;17.26;17.18;17.14;17.30;17.23;17.30;17.32;17.19;17.18;17.20;17.10;17.23;17.19;17.32;17.47;17.56;17.65;17.61;17.70;17.85;17.87;17.99;18.18;18.15;18.15;18.36;18.37;18.56;18.54;18.54;18.70;18.70;18.83;18.83;18.77;18.73;18.73;18.69;18.57;18.69;18.71;18.75;18.92;18.73;18.76;18.72;18.78;18.76;18.72;18.74;18.74;18.91;18.94;18.99;18.95;18.92;18.95;18.84;18.79;18.61;18.48;18.45;18.60;18.45;18.43;18.33;18.38;18.36;18.27;18.28;18.29;18.28;18.38;18.46;18.38;18.39;18.50;18.49;18.55;18.28;18.31;18.33;18.50;18.50;18.39;18.43;18.51;18.63;18.81;18.90;18.88;18.94;18.94;18.90;18.98;18.86;18.97;18.95;19.07;19.12;19.05;19.12;19.16;19.22;19.21;19.31;19.45;19.50;19.48;20.00;20.35;20.42;20.59;20.63;20.74;21.08;21.14;21.31;21.36;21.50;21.59;21.64;21.67;21.74;21.78;21.75;21.62;21.76;21.80;21.68;21.67;21.82;21.78;22.06;22.08;22.23;22.34;22.54;22.50;22.42;22.51;22.80;22.99;22.98;23.59;25.40;26.06;26.50;26.79;27.03;27.44;28.04;28.44;28.82;28.81;29.10;29.43
Kiełbasa wędzona - za 1 kg;14.15;14.10;14.09;13.97;13.93;13.84;13.90;13.70;13.87;14.01;13.78;13.93;14.09;14.01;14.07;14.06;14.27;14.33;14.34;14.25;14.49;14.61;14.81;15.16;15.35;15.42;15.42;15.33;15.38;15.44;15.67;15.67;15.72;15.95;16.09;16.10;16.07;16.04;16.11;15.99;15.87;16.11;15.85;15.93;16.08;16.11;15.97;15.72;15.90;15.83;15.84;15.87;15.80;15.75;15.90;15.80;15.89;15.94;15.70;15.63;15.58;15.50;15.50;15.32;15.40;15.41;15.46;15.39;15.50;15.44;15.31;15.41;15.37;15.27;15.26;15.20;15.09;15.31;15.10;15.53;15.59;15.64;15.93;15.83;17.34;17.37;17.18;17.35;17.45;17.75;17.58;17.77;17.89;17.92;18.05;18.16;18.32;18.36;18.32;18.27;18.30;18.32;18.41;18.37;18.50;18.55;18.50;18.42;18.52;18.60;18.59;18.95;19.33;19.60;19.81;20.20;20.32;20.53;20.58;20.93;21.33;21.49;21.79;21.94;21.94;21.78;21.60;21.80;21.88;21.79;21.81;21.78;21.74;21.57;21.76;21.71;21.86;21.84;22.08;22.17;22.20;21.96;22.15;22.33;22.35;22.23;22.83;24.21;24.75;25.08;25.30;25.62;26.41;27.10;27.33;27.95;27.93;28.71;29.14
Filety z morszczuka mrożone - za 1 kg;17.35;17.32;17.22;17.11;17.05;17.18;17.38;17.59;17.70;17.81;17.85;17.95;18.05;18.18;18.25;18.45;18.57;18.69;18.76;18.90;18.98;19.52;20.21;20.62;20.87;21.20;21.38;21.41;21.54;21.49;21.49;21.49;21.51;21.56;21.53;21.55;21.60;21.63;21.77;21.82;21.73;21.81;21.82;21.91;22.02;22.08;21.87;21.85;21.87;21.85;21.79;21.74;21.66;21.66;21.81;21.75;21.74;21.76;21.75;21.76;21.96;21.79;22.08;22.26;22.41;22.63;22.60;22.80;22.81;23.04;23.16;23.43;23.71;23.86;23.92;24.13;24.09;24.19;24.09;24.15;24.09;24.15;24.36;24.40;24.58;24.54;24.65;24.45;24.80;24.76;24.71;24.67;24.73;24.78;24.57;24.63;24.63;24.61;24.40;24.54;24.29;24.27;24.22;24.18;24.21;24.25;24.29;24.25;24.90;25.04;25.04;25.23;25.16;25.07;25.03;25.26;25.30;25.52;25.72;25.90;26.12;26.23;26.54;26.68;26.63;26.43;26.54;26.71;26.75;26.54;26.63;26.54;26.52;26.69;26.61;26.53;26.62;26.60;26.63;26.63;26.73;26.84;27.50;28.41;29.55;29.51;29.87;31.02;31.56;32.30;32.59;33.43;33.90;34.65;36.17;37.58;37.88;38.41;38.63
Mleko krowie spożywcze o zawartości tłuszczu 3-3,5%, sterylizowane - za 1 l;2.70;2.70;2.69;2.69;2.70;2.69;2.69;2.68;2.70;2.69;2.69;2.67;2.71;2.69;2.74;2.75;2.76;2.75;2.75;2.77;2.76;2.78;2.78;2.78;2.80;2.79;2.80;2.79;2.80;2.79;2.77;2.76;2.75;2.76;2.75;2.73;2.72;2.76;2.75;2.76;2.76;2.76;2.79;2.79;2.84;2.89;2.91;2.93;2.98;3.01;3.05;3.00;3.01;3.03;3.00;2.98;2.95;2.94;2.94;2.95;2.95;2.94;2.93;2.92;2.91;2.88;2.88;2.82;2.85;2.83;2.77;2.80;2.80;2.76;2.75;2.71;2.72;2.69;2.69;2.70;2.70;2.70;2.74;2.78;2.79;2.78;2.73;2.73;2.77;2.75;2.76;2.76;2.80;2.80;2.77;2.78;2.78;2.77;2.76;2.75;2.75;2.74;2.74;2.72;2.72;2.73;2.71;2.71;2.71;2.71;2.66;2.68;2.68;2.68;2.70;2.70;2.73;2.73;2.76;2.78;2.83;2.89;2.90;2.91;2.96;2.98;2.98;2.98;2.95;2.95;2.96;2.99;3.01;3.01;3.01;3.02;2.98;3.01;3.03;3.04;3.06;3.07;3.12;3.18;3.29;3.25;3.25;3.43;3.66;3.76;3.84;4.00;4.08;4.24;4.38;4.44;4.48;4.49;4.47
Ser twarogowy - za 1 kg;11.87;11.90;11.93;11.93;11.96;12.00;11.98;12.13;12.14;12.26;12.27;12.21;12.25;12.26;12.39;12.45;12.50;12.50;12.53;12.53;12.52;12.56;12.64;12.72;12.74;12.73;12.70;12.72;12.78;12.77;12.78;12.80;12.83;12.76;12.80;12.76;12.85;12.84;12.85;12.91;12.92;12.91;12.92;12.94;13.09;13.18;13.12;13.27;13.36;13.48;13.53;13.47;13.52;13.46;13.49;13.44;13.51;13.45;13.44;13.35;13.39;13.30;13.32;13.33;13.23;13.32;13.26;13.18;13.25;13.10;13.14;13.14;13.16;13.14;13.21;13.23;13.16;13.32;13.20;13.24;13.21;13.24;13.32;13.31;13.41;13.37;13.30;13.21;13.33;13.38;13.41;13.43;13.41;13.45;13.45;13.36;13.44;13.36;13.39;13.50;13.53;13.48;13.42;13.38;13.55;13.38;13.36;13.32;13.48;13.57;13.65;13.63;13.59;13.59;13.70;13.74;13.92;13.79;13.94;13.86;14.12;14.07;14.18;14.24;14.31;14.30;14.41;14.36;14.27;14.32;14.34;14.38;14.37;14.35;14.40;14.32;14.49;14.56;14.56;14.52;14.65;14.68;14.93;15.26;15.90;15.47;15.52;15.90;16.33;16.61;16.85;17.26;17.57;18.41;18.94;19.17;19.93;19.99;20.08
Jaja kurze świeże - za 1 szt;0.46;0.47;0.47;0.47;0.47;0.46;0.45;0.45;0.45;0.45;0.45;0.44;0.45;0.45;0.45;0.45;0.44;0.44;0.44;0.45;0.45;0.45;0.46;0.48;0.49;0.50;0.64;0.71;0.66;0.63;0.61;0.60;0.60;0.60;0.60;0.60;0.60;0.60;0.59;0.58;0.57;0.55;0.55;0.54;0.54;0.53;0.53;0.53;0.54;0.53;0.52;0.52;0.51;0.51;0.51;0.51;0.51;0.51;0.51;0.52;0.52;0.51;0.51;0.51;0.51;0.50;0.50;0.50;0.51;0.51;0.51;0.50;0.51;0.51;0.50;0.50;0.49;0.49;0.49;0.49;0.49;0.49;0.49;0.50;0.52;0.52;0.52;0.52;0.51;0.51;0.51;0.52;0.52;0.55;0.71;0.75;0.74;0.71;0.69;0.70;0.66;0.66;0.65;0.65;0.64;0.64;0.64;0.63;0.66;0.65;0.65;0.64;0.63;0.63;0.64;0.64;0.63;0.63;0.64;0.65;0.65;0.65;0.64;0.64;0.64;0.64;0.64;0.63;0.64;0.63;0.64;0.64;0.63;0.64;0.64;0.65;0.66;0.66;0.66;0.66;0.68;0.71;0.72;0.73;0.72;0.70;0.70;0.77;0.80;0.81;0.82;0.82;0.82;0.89;0.94;0.96;0.99;0.99;1.01
Masło świeże o zawartości tłuszczu ok. 82,5% - za 200 g;4.11;4.06;3.99;3.96;3.94;4.04;4.18;4.21;4.22;4.26;4.27;4.27;4.31;4.31;4.42;4.43;4.42;4.47;4.49;4.53;4.52;4.57;4.62;4.63;4.64;4.64;4.54;4.44;4.31;4.18;4.15;4.07;4.08;4.21;4.21;4.29;4.36;4.35;4.31;4.31;4.34;4.41;4.45;4.54;4.62;4.67;4.70;4.74;4.76;4.75;4.74;4.66;4.68;4.60;4.61;4.57;4.49;4.49;4.42;4.37;4.35;4.32;4.28;4.26;4.21;4.15;4.07;4.03;3.96;3.97;3.98;3.98;3.96;3.96;3.90;3.84;3.82;3.83;3.89;4.03;4.19;4.51;4.70;4.90;5.02;5.03;4.99;4.98;5.03;5.12;5.78;6.37;6.80;7.08;7.00;6.75;6.35;5.95;5.91;5.91;5.99;6.47;6.64;6.66;6.63;6.68;6.60;6.54;6.48;6.33;6.19;6.00;5.97;5.81;5.74;5.68;5.68;5.70;5.69;5.66;5.72;5.66;5.67;5.62;5.51;5.43;5.38;5.34;5.46;5.50;5.55;5.49;5.42;5.42;5.38;5.47;5.48;5.48;5.56;5.57;5.64;5.97;6.58;7.00;7.15;6.92;6.95;7.39;7.80;7.94;8.10;8.26;8.30;8.49;8.58;8.57;8.30;7.35;7.22
Olej rzepakowy produkcji krajowej - za 1 l;5.87;5.90;5.87;5.80;5.82;5.77;5.75;5.77;5.84;5.88;6.00;5.97;6.04;6.17;6.48;6.72;6.81;6.82;6.88;6.92;6.94;6.90;6.88;6.88;6.89;6.87;6.92;6.92;6.94;7.01;7.04;7.04;7.04;7.05;7.01;6.98;7.01;6.95;6.90;6.90;6.90;6.86;6.92;6.91;6.91;6.84;6.72;6.58;6.66;6.59;6.52;6.42;6.47;6.37;6.32;6.23;6.18;6.11;6.14;5.94;6.07;6.06;6.02;5.96;5.85;5.91;5.86;5.76;5.86;5.83;5.84;5.82;5.90;5.82;5.76;5.81;5.79;5.81;5.82;5.83;5.90;5.91;5.88;5.88;5.95;6.10;6.18;6.07;6.21;6.11;6.09;6.16;6.07;6.12;6.14;6.03;6.06;6.06;6.10;6.13;6.10;6.11;6.04;6.04;6.01;6.08;6.01;5.95;6.01;6.10;6.24;6.09;6.16;6.28;6.32;6.27;6.39;6.27;6.24;6.36;6.42;6.56;6.67;6.63;6.57;6.67;6.73;6.76;6.76;6.72;6.78;6.77;6.74;6.89;6.80;6.89;6.93;6.96;7.13;7.30;7.42;8.21;9.07;9.32;9.82;9.87;10.02;10.42;11.11;11.93;12.36;12.53;12.59;12.60;12.54;12.53;12.57;12.44;12.04
Pomarańcze - za 1 kg;5.28;5.21;5.16;5.17;5.37;5.75;6.27;6.49;6.22;5.92;5.76;5.09;5.00;4.81;4.76;4.90;5.08;5.13;5.25;5.36;5.34;5.86;5.77;4.93;4.82;4.75;4.75;4.86;5.00;5.24;5.83;6.06;5.95;5.86;5.63;5.11;4.99;4.85;4.70;4.81;5.11;5.50;6.07;6.38;6.20;5.85;5.42;4.70;4.53;4.50;4.57;4.57;4.75;4.92;5.16;5.37;5.58;5.58;4.96;4.49;4.53;4.45;4.36;4.49;4.64;4.90;5.39;5.85;5.87;5.81;5.50;4.77;4.73;4.64;4.60;4.86;5.08;5.42;5.77;5.86;5.75;6.01;5.90;5.06;5.16;5.09;5.17;5.19;5.49;5.70;6.27;6.69;6.69;6.67;6.14;5.39;5.43;5.41;5.47;5.30;5.54;5.56;5.78;6.21;6.26;6.18;5.80;5.22;5.15;5.02;5.16;5.17;5.46;5.58;5.66;5.91;6.01;6.01;5.88;5.51;5.52;5.64;5.67;6.27;6.81;6.88;6.93;7.14;7.44;7.70;7.09;6.00;5.97;5.84;5.83;6.02;6.26;6.41;6.49;6.72;6.90;6.91;6.52;5.94;6.26;6.10;5.91;6.35;6.27;6.39;6.37;6.93;7.70;7.93;7.49;6.97;7.17;7.10;7.12
Jabłka - za 1 kg;1.99;2.05;2.10;2.16;2.21;2.34;2.51;3.05;3.11;3.07;3.15;3.20;3.31;3.41;3.65;3.90;4.34;4.77;4.80;3.77;2.92;2.58;2.46;2.50;2.55;2.69;2.90;3.00;3.12;3.72;4.23;3.48;2.68;2.40;2.34;2.38;2.38;2.40;2.42;2.51;3.02;3.62;3.93;3.91;3.11;2.72;2.66;2.67;2.71;2.77;2.78;2.77;2.93;3.03;3.17;2.85;2.25;2.00;1.96;1.95;1.99;1.98;2.03;2.36;3.00;3.38;3.56;3.37;2.99;2.81;2.70;2.66;2.64;2.65;2.62;2.60;2.58;2.62;2.76;2.78;2.52;2.32;2.35;2.36;2.37;2.36;2.43;2.49;2.78;3.23;3.47;3.55;3.56;3.53;3.58;3.59;3.61;3.71;3.81;3.91;4.01;4.03;3.99;3.27;2.71;2.38;2.17;2.17;2.20;2.27;2.26;2.25;2.32;2.43;2.59;3.00;3.36;3.36;3.42;3.49;3.54;3.59;3.66;3.97;4.94;5.74;6.79;6.15;5.04;4.10;3.73;3.69;3.61;3.61;3.55;3.56;3.64;3.53;3.56;3.65;3.37;3.14;3.14;3.18;3.15;3.01;3.09;3.12;3.22;3.40;3.49;3.66;3.60;3.33;3.21;3.28;3.32;3.34;3.32
Buraki - za 1 kg;1.43;1.51;1.54;1.55;1.57;1.93;2.53;1.87;1.66;1.57;1.56;1.63;1.77;1.82;1.89;2.22;2.71;3.49;2.28;1.65;1.42;1.35;1.32;1.30;1.29;1.32;1.33;1.33;1.37;1.95;1.81;1.52;1.38;1.32;1.32;1.35;1.37;1.37;1.38;1.47;1.74;1.91;2.90;2.29;1.91;1.78;1.78;1.78;1.82;1.87;1.87;1.91;1.95;2.55;2.27;1.78;1.56;1.39;1.32;1.31;1.33;1.39;1.39;1.39;1.45;2.07;2.36;1.99;1.87;1.83;1.81;1.80;1.88;1.89;1.89;1.89;1.93;2.55;2.30;1.92;1.76;1.69;1.61;1.60;1.62;1.66;1.67;1.66;1.74;2.20;2.62;2.05;1.87;1.77;1.79;1.75;1.78;1.79;1.83;1.86;1.93;2.47;2.35;2.08;1.97;1.87;1.84;1.80;1.87;1.94;1.99;2.00;2.31;3.25;3.43;2.89;2.55;2.38;2.30;2.23;2.22;2.28;2.26;2.27;2.33;2.56;2.89;2.50;2.23;2.17;2.15;2.08;2.10;2.15;2.16;2.18;2.22;2.67;3.59;2.83;2.58;2.36;2.33;2.34;2.45;2.38;2.47;2.68;2.88;3.36;3.73;3.32;3.11;2.99;2.97;2.94;3.07;3.12;3.12
Marchew - za 1 kg;1.63;1.78;1.85;1.92;2.13;2.43;2.40;1.97;1.77;1.72;1.71;1.85;2.12;2.23;2.29;2.36;2.56;2.76;2.39;1.78;1.63;1.52;1.51;1.50;1.55;1.70;1.89;2.01;2.30;3.54;3.40;2.22;1.79;1.62;1.61;1.59;1.66;1.73;1.82;2.09;2.71;3.22;3.52;2.30;1.88;1.74;1.71;1.70;1.72;1.75;1.78;1.84;2.10;2.26;2.07;1.66;1.53;1.43;1.40;1.44;1.50;1.62;1.88;2.47;3.18;3.56;3.35;2.53;2.40;2.33;2.32;2.25;2.34;2.42;2.39;2.45;2.58;2.74;2.59;2.10;1.83;1.72;1.64;1.59;1.64;1.70;1.69;1.65;1.75;2.07;2.40;2.10;1.99;1.94;1.96;1.94;2.07;2.14;2.24;2.61;3.10;4.04;3.66;2.88;2.72;2.70;2.69;2.77;2.85;2.91;2.96;3.03;3.49;3.81;3.70;3.12;2.76;2.51;2.40;2.51;2.54;2.50;2.64;2.70;3.04;3.42;3.57;3.13;2.84;2.68;2.48;2.44;2.40;2.57;2.64;2.75;3.08;3.61;3.83;3.14;2.81;2.60;2.53;2.49;2.64;2.62;2.63;2.73;2.88;3.23;3.41;3.37;3.17;3.16;3.17;3.18;3.42;3.71;4.36
Cebula - za 1 kg;1.58;1.92;2.17;2.49;2.85;3.23;3.06;2.56;2.29;2.17;2.15;2.25;2.46;2.51;2.54;2.55;2.59;2.88;2.91;2.30;1.81;1.50;1.41;1.40;1.38;1.38;1.36;1.34;1.34;1.87;2.39;1.99;1.63;1.44;1.45;1.48;1.51;1.52;1.53;1.60;1.95;2.46;3.11;2.72;2.32;2.16;2.16;2.16;2.23;2.22;2.23;2.24;2.67;3.18;3.01;2.33;1.84;1.61;1.52;1.54;1.51;1.53;1.52;1.54;1.87;2.73;2.89;2.42;2.20;2.19;2.19;2.20;2.24;2.31;2.31;2.32;2.46;2.87;3.04;2.47;2.09;1.88;1.76;1.76;1.78;1.85;1.82;1.80;1.82;2.08;2.62;2.36;2.11;1.99;2.04;2.01;2.02;2.00;1.99;2.04;2.06;2.51;2.95;2.75;2.50;2.55;2.77;2.96;3.14;3.54;3.69;3.90;4.55;5.23;4.92;4.19;3.61;3.39;3.29;3.29;3.25;3.25;3.27;3.35;3.47;3.63;3.72;3.13;2.82;2.62;2.58;2.51;2.56;2.63;2.67;2.67;2.97;3.30;3.66;3.24;3.16;3.01;3.09;3.14;3.10;2.96;2.96;2.97;3.08;3.14;3.36;3.39;3.58;3.55;3.71;3.76;3.85;4.45;5.97
Ziemniaki - za 1 kg;1.05;1.16;1.20;1.19;1.22;1.36;1.75;1.40;1.36;1.35;1.36;1.43;1.57;1.68;1.85;1.97;2.00;2.00;1.36;0.93;0.83;0.77;0.75;0.74;0.74;0.77;0.78;0.77;0.76;0.79;0.96;0.75;0.72;0.73;0.77;0.91;1.00;1.05;1.06;1.17;1.40;1.76;1.72;1.48;1.45;1.44;1.47;1.52;1.56;1.57;1.56;1.54;1.63;1.82;1.24;0.99;0.90;0.84;0.83;0.82;0.83;0.82;0.82;0.82;0.94;1.76;1.32;1.15;1.17;1.16;1.18;1.19;1.22;1.23;1.24;1.28;1.53;2.24;1.46;1.16;1.06;0.97;0.98;0.98;1.00;1.07;1.11;1.12;1.36;1.99;1.37;1.16;1.13;1.10;1.12;1.13;1.13;1.15;1.15;1.19;1.36;1.72;1.44;1.38;1.37;1.38;1.43;1.59;1.70;1.90;2.09;2.35;2.97;3.33;3.02;2.85;2.67;2.57;2.52;2.56;2.58;2.54;2.56;2.63;2.74;2.79;1.86;1.44;1.53;1.50;1.51;1.51;1.54;1.55;1.53;1.58;1.75;2.51;2.23;1.83;1.82;1.80;1.82;1.85;1.93;1.92;1.91;1.96;2.13;2.81;2.27;2.05;2.09;2.09;2.12;2.19;2.25;2.22;2.27
Cukier biały kryształ - za 1 kg;2.76;2.71;2.64;2.58;2.55;2.52;2.49;2.65;2.95;2.99;2.95;2.94;3.07;3.39;4.79;5.01;4.63;4.26;4.05;3.97;3.87;3.90;3.94;3.95;3.95;3.96;3.96;3.98;3.97;3.97;3.97;3.96;3.98;3.97;3.96;3.93;3.92;3.86;3.83;3.81;3.78;3.72;3.57;3.46;3.41;3.35;3.28;3.17;3.11;2.99;2.87;2.65;2.58;2.48;2.39;2.30;2.23;2.19;2.12;2.07;2.04;2.06;2.10;2.12;2.13;2.10;2.19;2.29;2.39;2.43;2.44;2.44;2.46;2.58;2.70;2.74;2.77;2.78;2.80;2.97;3.12;3.17;3.16;3.17;3.17;3.18;3.19;3.17;3.17;3.15;3.13;3.07;2.98;2.92;2.76;2.62;2.52;2.28;2.21;2.15;2.08;2.03;1.97;2.04;2.07;2.09;2.05;2.13;2.25;2.41;2.47;2.51;2.53;2.55;2.58;2.61;2.61;2.61;2.59;2.62;2.64;2.64;2.66;2.72;2.75;2.79;2.76;2.74;2.73;2.72;2.69;2.71;2.75;2.74;2.73;2.73;2.75;2.77;2.78;2.79;2.82;3.05;3.23;3.32;3.37;3.40;3.45;3.76;3.86;3.92;4.20;6.03;6.06;6.21;6.35;6.35;6.40;6.34;6.32
Sok jabłkowy - za 1 l;3.64;3.66;3.63;3.62;3.58;3.58;3.59;3.60;3.61;3.65;3.66;3.64;3.67;3.70;3.72;3.69;3.74;3.78;3.77;3.78;3.76;3.78;3.75;3.73;3.77;3.80;3.80;3.82;3.80;3.81;3.81;3.83;3.85;3.85;3.86;3.82;3.79;3.79;3.80;3.79;3.81;3.77;3.79;3.78;3.82;3.83;3.82;3.79;3.79;3.81;3.80;3.81;3.81;3.80;3.83;3.80;3.78;3.75;3.72;3.72;3.68;3.75;3.73;3.72;3.74;3.66;3.70;3.67;3.63;3.67;3.67;3.63;3.66;3.65;3.63;3.65;3.62;3.63;3.67;3.71;3.64;3.61;3.64;3.57;3.58;3.60;3.59;3.51;3.61;3.64;3.65;3.60;3.58;3.62;3.62;3.60;3.67;3.73;3.73;3.75;3.85;3.84;3.85;3.87;3.82;3.91;3.85;3.81;3.81;3.85;3.86;3.83;3.86;3.91;3.95;3.93;3.94;3.96;3.91;3.92;3.96;4.01;4.02;3.99;4.02;3.98;4.05;4.03;4.05;4.08;4.07;3.96;4.07;4.12;4.13;4.08;4.10;4.05;4.06;4.05;4.12;4.15;4.07;4.19;4.20;4.14;4.06;4.07;4.08;4.06;4.10;4.16;4.18;4.23;4.27;4.27;4.36;4.43;4.40
Tkanina sukienkowa – za 1 m;24.67;24.69;24.73;24.67;24.64;24.61;24.63;24.86;24.76;24.61;24.65;24.65;25.05;25.13;25.23;25.50;25.63;25.69;25.87;26.42;26.30;26.37;26.34;26.35;26.35;26.45;26.47;26.49;26.63;26.77;26.78;26.72;26.64;26.65;26.66;26.75;26.81;26.67;26.76;26.84;27.00;27.05;27.10;27.13;27.62;27.55;27.34;27.40;27.45;27.49;27.53;27.56;27.58;27.63;27.66;27.76;28.00;28.05;28.07;28.14;28.11;28.15;28.16;28.22;28.36;28.53;28.62;28.68;28.74;28.78;28.88;28.91;28.77;29.05;29.11;29.39;29.60;29.69;29.72;29.80;29.81;29.83;29.95;30.01;30.06;30.14;30.20;30.23;30.33;30.33;30.36;30.31;30.24;30.39;30.51;30.45;30.46;30.49;30.72;30.26;30.27;30.41;30.41;30.40;30.50;30.66;30.85;30.71;30.75;30.76;30.92;31.03;31.20;31.25;31.22;31.27;31.31;31.34;31.37;31.41;31.58;31.67;31.77;31.74;31.77;31.87;31.99;32.00;32.19;32.30;32.34;32.36;32.37;32.41;32.44;32.54;32.60;32.79;32.80;32.79;33.17;33.53;33.69;33.83;33.98;34.23;34.52;34.51;34.85;35.06;35.13;35.43;35.88;36.05;36.52;36.85;37.19;37.45;37.71
Garnitur męski 2-częściowy, z tkaniny z udziałem wełny – za 1 kpl;468.49;465.49;469.72;469.97;471.71;470.40;472.04;467.08;470.01;468.69;466.75;467.17;464.78;467.13;470.85;473.65;474.40;469.47;477.64;478.52;479.66;484.12;484.17;484.87;478.39;478.99;478.12;478.40;481.41;477.79;473.36;470.70;479.62;476.41;476.28;476.09;472.45;476.02;471.70;471.74;470.98;470.58;466.11;467.77;476.24;478.23;480.56;479.09;478.53;476.11;476.69;478.92;481.31;474.66;470.12;469.57;474.93;475.18;473.02;473.67;681.88;682.03;678.87;679.17;687.03;679.69;669.84;657.00;653.68;658.16;654.86;662.30;650.93;645.20;640.40;644.09;648.80;649.15;639.96;640.47;643.29;650.20;660.13;658.97;644.10;652.36;667.77;664.65;667.25;663.08;655.50;650.38;664.71;665.15;668.68;665.00;600.27;596.85;595.77;603.79;613.33;603.01;592.57;587.90;587.69;594.00;603.69;606.31;591.31;592.36;607.68;606.17;601.26;601.25;600.63;596.52;600.49;606.60;611.30;606.38;604.38;605.67;606.99;603.64;597.47;600.49;605.80;604.44;614.44;629.72;621.21;623.74;619.08;621.07;629.55;648.61;660.27;665.23;659.21;661.10;672.11;694.06;700.65;721.53;716.23;723.98;738.05;754.12;775.41;780.92;764.32;770.71;804.33;807.56;804.39;817.67;829.92;825.15;842.58
Koszula męska, bawełna z poliestrem, długi rękaw;89.16;89.56;89.83;89.51;90.02;90.94;90.62;90.59;91.23;91.58;92.33;93.52;84.69;84.18;84.71;86.26;86.53;87.38;86.55;86.32;87.36;88.43;89.22;88.83;88.78;88.44;90.21;90.73;91.29;90.72;90.35;90.80;91.59;92.98;93.09;93.01;92.78;93.12;93.19;94.37;94.46;93.64;93.34;93.36;93.91;93.52;94.42;94.40;93.57;93.93;94.62;95.13;95.03;95.19;94.43;94.00;96.33;97.11;97.07;97.95;97.25;97.64;98.37;98.75;99.45;98.62;97.70;97.27;97.81;98.81;99.98;100.13;99.39;99.35;99.97;100.54;100.56;100.60;99.73;100.32;101.64;101.74;101.88;102.54;101.60;100.87;102.23;102.92;103.40;102.74;102.06;101.80;103.94;104.86;105.21;104.43;102.92;102.56;103.65;103.33;103.35;102.79;102.41;102.09;102.96;103.79;105.23;105.58;104.00;104.11;107.24;107.43;108.75;108.10;107.22;107.47;109.53;111.27;112.14;110.89;112.51;113.96;113.86;112.51;113.16;114.78;114.80;114.41;115.91;117.45;115.60;114.56;113.15;113.75;115.11;116.23;117.42;116.50;116.71;116.82;119.57;122.32;123.95;125.39;126.11;127.31;129.24;129.82;130.34;131.91;131.64;132.87;137.24;139.86;139.83;140.53;140.37;141.87;144.09
Spodnie (6-11 lat) z tkaniny typu jeans;60.99;60.03;62.36;63.42;63.11;62.08;60.33;60.24;62.92;64.03;64.16;64.43;62.71;61.95;65.96;65.76;66.26;65.31;64.26;63.26;66.17;66.38;66.40;66.05;64.05;63.69;67.69;68.07;68.22;67.05;64.97;64.50;67.22;68.42;68.20;67.92;65.77;65.38;67.00;67.44;67.94;67.29;66.07;65.42;66.80;67.87;67.85;67.39;67.88;67.78;68.78;68.77;69.26;67.45;65.20;66.42;68.28;69.70;69.36;68.16;65.53;65.43;68.12;67.30;66.76;65.73;64.55;65.61;67.53;69.36;68.92;68.13;66.95;65.89;68.94;69.75;69.15;67.90;65.51;67.26;69.91;70.64;69.25;68.78;65.32;65.60;68.05;68.91;68.52;66.42;64.00;64.83;68.34;68.59;69.50;68.09;66.93;68.02;70.20;71.00;69.93;66.57;63.99;65.57;69.14;69.02;69.00;66.78;64.43;65.07;69.07;67.95;68.21;66.53;62.33;64.25;68.89;70.42;69.26;69.53;63.88;65.29;70.09;66.39;65.68;66.11;65.09;64.19;67.59;68.48;67.38;66.47;63.37;64.10;66.30;66.44;66.88;64.28;62.41;65.19;67.77;69.80;70.31;69.90;65.61;64.60;69.24;68.42;68.16;67.23;64.65;67.43;71.43;72.26;73.96;75.09;71.89;73.89;77.51
Półbuty męskie skórzane na podeszwie nieskórzanej – za 1 parę;158.29;158.27;159.26;160.26;160.80;160.53;160.44;160.85;162.07;162.97;163.89;164.09;163.92;163.90;164.36;167.54;168.34;168.49;167.92;168.32;170.07;172.39;173.11;172.72;172.41;172.28;174.35;176.20;178.09;177.17;176.66;176.52;179.53;180.72;181.30;180.58;181.24;180.86;182.20;183.70;183.20;183.24;180.94;181.69;184.51;186.11;185.44;185.13;182.79;184.82;189.75;190.77;190.57;190.86;188.66;189.29;192.18;192.30;192.08;191.53;191.48;191.68;193.87;194.16;194.77;194.77;193.85;193.46;194.95;197.67;198.44;197.64;196.98;197.13;198.25;197.68;197.23;198.08;197.84;197.77;199.51;199.81;199.65;199.02;198.02;198.51;199.60;199.60;199.82;199.80;198.99;199.97;202.33;202.47;202.15;202.07;201.79;201.72;202.14;203.18;201.84;202.75;201.21;201.22;204.68;207.25;206.82;206.43;205.21;205.36;204.99;206.41;205.00;207.02;206.07;206.43;206.17;208.91;206.24;205.87;208.25;209.77;209.63;207.03;203.18;207.23;206.80;206.07;211.33;211.29;207.91;210.76;209.88;211.88;213.77;208.07;213.29;208.69;210.34;210.16;211.61;218.12;218.89;218.60;217.83;221.04;228.37;229.40;229.52;228.40;223.05;225.79;235.51;235.59;235.44;236.00;237.50;240.28;248.85
Półbuty damskie skórzane na podeszwie nieskórzanej – za 1 parę;155.46;155.94;158.22;158.17;158.34;157.31;156.71;156.22;158.52;157.70;157.88;158.26;158.08;158.63;161.26;161.57;161.92;161.50;160.41;159.85;163.14;165.89;166.02;165.83;165.72;165.63;166.54;168.67;168.28;167.33;167.00;166.17;168.55;171.15;172.46;171.78;170.85;170.95;173.92;173.59;173.40;174.14;171.66;173.79;177.16;178.77;177.93;178.69;174.77;177.23;179.87;180.66;181.53;181.74;179.32;178.88;181.94;180.75;182.25;183.32;182.39;182.74;183.64;183.97;184.17;182.80;181.75;181.52;184.04;186.80;185.50;185.39;186.49;185.92;186.64;186.56;186.16;185.96;184.21;186.09;187.90;189.28;190.88;189.87;188.61;188.77;189.21;189.79;189.39;188.87;187.22;187.95;188.49;189.95;191.46;190.62;191.07;191.24;192.52;193.08;192.30;192.03;191.23;191.07;193.14;193.48;192.48;190.78;190.58;191.45;192.91;194.44;194.75;195.58;193.79;193.83;194.33;195.97;196.46;198.09;198.55;198.68;198.75;197.53;192.42;193.58;192.75;191.89;200.47;200.64;196.96;198.48;197.07;199.34;201.86;196.75;199.36;196.57;196.58;200.34;203.66;208.55;209.21;210.62;208.80;210.56;214.61;216.58;215.22;215.64;212.58;213.80;224.56;225.70;227.97;229.15;230.09;234.15;242.08
Półbuty dziecięce skórzane na podeszwie nieskórzanej – za 1 parę;120.64;120.14;121.18;121.10;121.59;121.93;122.05;122.22;124.37;124.87;124.40;125.22;125.90;126.53;126.31;128.27;129.14;130.18;130.00;130.75;132.09;133.86;135.45;135.82;137.71;138.08;138.51;138.86;139.48;140.30;140.45;140.34;141.13;143.24;143.00;143.71;143.19;143.08;144.68;144.44;144.93;145.03;144.91;145.82;146.09;147.27;147.44;147.56;146.13;145.81;147.60;147.75;148.28;148.89;148.65;149.74;151.12;153.96;156.82;156.06;155.97;156.34;157.12;156.50;157.51;157.76;157.65;158.09;159.22;160.05;160.98;162.52;160.21;159.06;158.76;158.16;157.88;157.92;157.11;157.23;156.76;155.42;156.60;154.91;154.25;154.17;154.14;155.03;154.18;153.50;153.66;155.04;156.11;158.15;157.57;155.86;157.46;156.77;157.47;157.65;157.59;156.36;154.07;153.39;155.33;156.23;154.35;154.60;153.86;153.78;154.88;155.08;156.53;155.54;153.48;152.73;153.36;153.31;152.59;152.13;152.08;152.81;152.71;151.82;149.79;151.84;150.69;150.25;154.64;155.43;153.54;154.73;154.40;155.87;158.10;154.41;157.38;155.37;155.90;157.29;161.65;162.14;162.43;162.20;161.97;162.38;164.75;165.15;166.23;163.87;161.08;163.26;171.05;174.53;176.07;177.10;177.35;184.07;186.20
Energia elektryczna dla gospodarstw domowych (taryfa G-11) – za 1 kWh;0.57;0.58;0.59;0.59;0.59;0.59;0.59;0.59;0.59;0.59;0.59;0.59;0.63;0.63;0.63;0.63;0.63;0.63;0.63;0.63;0.63;0.63;0.63;0.63;0.66;0.66;0.66;0.66;0.66;0.66;0.66;0.66;0.66;0.66;0.66;0.66;0.67;0.67;0.67;0.67;0.67;0.67;0.66;0.66;0.66;0.66;0.66;0.66;0.64;0.64;0.64;0.64;0.64;0.64;0.64;0.64;0.64;0.64;0.64;0.64;0.65;0.65;0.65;0.65;0.65;0.65;0.65;0.65;0.65;0.65;0.65;0.65;0.64;0.64;0.64;0.64;0.64;0.64;0.64;0.64;0.64;0.64;0.64;0.64;0.65;0.65;0.65;0.65;0.65;0.65;0.65;0.65;0.65;0.65;0.65;0.65;0.65;0.65;0.65;0.65;0.65;0.65;0.65;0.65;0.65;0.65;0.65;0.65;0.59;0.59;0.59;0.60;0.60;0.60;0.60;0.60;0.60;0.60;0.60;0.60;0.65;0.67;0.67;0.67;0.67;0.67;0.67;0.67;0.67;0.67;0.67;0.67;0.74;0.74;0.74;0.74;0.74;0.74;0.74;0.74;0.74;0.74;0.74;0.74;0.77;0.77;0.77;0.77;0.77;0.77;0.77;0.77;0.77;0.77;0.77;0.77;0.92;0.92;0.92
Ciepła woda – za 1 m3;17.36;17.42;17.41;17.49;17.54;17.55;17.57;17.65;17.76;17.83;17.83;17.89;18.20;18.24;18.34;18.31;18.30;18.30;18.34;18.37;18.41;18.49;18.56;18.61;18.91;19.14;19.20;19.33;19.32;19.34;19.42;19.44;19.57;19.68;19.74;19.83;20.14;20.22;20.22;20.37;20.40;20.48;20.53;20.57;20.64;20.77;20.88;20.90;21.01;21.04;21.03;21.06;21.10;21.11;21.13;21.17;21.20;21.22;21.33;21.34;21.36;21.38;21.43;21.48;21.52;21.51;21.57;21.58;21.61;21.65;21.66;21.68;21.72;21.76;21.80;21.91;21.92;21.95;21.84;21.84;21.84;21.82;21.82;21.79;21.60;21.64;21.65;21.66;21.59;21.60;21.61;21.65;21.67;21.66;21.69;21.69;21.80;21.82;21.88;21.93;21.94;21.96;21.98;22.02;22.06;22.07;22.05;22.09;22.11;22.21;22.23;22.29;22.30;22.34;22.44;22.59;22.60;22.61;22.72;22.75;22.89;23.00;23.37;23.48;23.46;23.47;23.24;23.24;23.26;23.61;23.71;23.79;23.89;23.95;23.95;23.87;23.94;24.06;24.15;24.25;24.47;24.79;24.95;25.14;25.83;26.32;26.61;27.23;27.44;27.79;28.17;28.73;30.11;31.71;32.74;33.03;36.08;37.98;38.49
Bielizna pościelowa, bawełna 100% (komplet 3-częściowy o wymiarach ok. 160x210 cm - poszwa i 70x80 cm - 2 poszewki) – za 1 kpl.;65.01;64.99;64.88;65.28;65.48;65.51;65.46;65.44;65.49;66.03;66.05;66.24;67.18;68.46;70.35;71.05;71.98;73.03;73.10;73.93;73.87;74.93;75.79;75.76;76.02;76.14;77.00;78.05;78.58;78.57;78.85;79.81;79.20;80.22;81.02;81.37;80.33;80.94;81.47;81.95;82.33;81.97;82.01;81.62;82.06;80.95;81.71;81.94;81.78;82.09;81.89;82.33;82.69;81.97;81.27;81.06;80.60;81.14;81.34;80.77;81.07;82.36;82.33;82.32;82.62;82.60;82.46;83.06;83.44;83.53;83.55;82.84;83.81;83.84;83.94;83.83;83.92;83.41;83.33;83.24;83.41;83.40;82.91;82.81;83.37;84.02;84.25;83.92;84.47;83.97;83.88;83.91;83.79;83.76;84.16;84.33;84.32;84.74;85.24;85.25;85.06;85.34;85.20;85.75;85.31;86.02;86.24;85.93;85.28;86.06;86.17;85.73;85.88;84.83;85.88;86.41;86.47;87.00;88.15;87.80;87.87;88.13;89.02;88.67;89.60;89.29;89.74;90.18;91.06;91.78;91.53;91.64;91.14;91.60;93.33;94.06;94.90;94.63;94.96;95.49;95.70;96.51;97.11;98.49;100.51;100.59;101.38;103.45;106.40;107.15;109.33;109.71;112.61;113.21;114.16;115.61;117.05;118.73;120.47
Chłodziarko-zamrażarka domowa, poj. ok. 440 l ;1259.33;1255.67;1250.49;1226.60;1215.18;1223.84;1228.68;1224.26;1242.18;1251.49;1262.15;1272.19;1127.78;1130.53;1129.51;1107.60;1108.60;1091.90;1081.81;1078.37;1074.87;1073.36;1069.68;1064.64;1057.92;1059.65;1057.37;1059.24;1059.54;1062.28;1063.42;1064.35;1070.58;1069.75;1063.32;1070.24;1061.79;1061.78;1060.29;1060.13;1063.54;1056.67;1057.74;1052.75;1056.64;1046.26;1041.84;1041.71;1052.42;1055.11;1054.42;1055.82;1057.95;1065.82;1050.67;1064.82;1058.18;1055.93;1056.10;1058.09;1103.44;1104.18;1115.00;1120.18;1115.71;1108.27;1103.36;1079.65;1077.63;1079.76;1107.19;1112.46;1092.26;1081.98;1085.33;1114.71;1122.31;1124.16;1122.51;1119.09;1106.66;1118.61;1114.67;1098.20;1700.60;1691.41;1700.34;1694.96;1705.72;1657.74;1619.69;1618.80;1609.12;1595.92;1589.80;1589.52;1625.55;1636.96;1634.45;1656.26;1641.81;1649.88;1638.99;1646.76;1643.67;1623.36;1636.88;1633.52;1634.73;1636.78;1642.82;1636.69;1652.06;1651.77;1636.92;1638.18;1659.86;1655.26;1653.82;1658.91;1629.96;1644.07;1648.29;1643.75;1670.70;1687.16;1702.84;1687.49;1694.69;1700.81;1689.12;1700.73;1683.40;1701.29;1694.96;1706.60;1694.13;1705.44;1712.33;1756.50;1766.06;1794.95;1805.23;1801.66;1837.35;1882.24;1929.31;1938.42;1909.36;1924.47;1928.58;1960.90;2019.38;2024.20;2076.14;2112.38;3472.23;3533.99;3603.63
Pralka automatyczna, domowa;1190.08;1179.56;1178.47;1171.06;1163.91;1154.05;1158.92;1161.65;1149.74;1148.11;1142.10;1129.93;1128.18;1122.19;1118.29;1126.38;1117.14;1123.36;1121.43;1115.07;1116.98;1118.34;1113.12;1110.49;1115.29;1105.60;1110.62;1107.21;1106.65;1103.71;1105.48;1103.90;1111.54;1102.63;1101.14;1093.01;1090.36;1091.18;1094.59;1095.74;1093.23;1092.49;1089.01;1084.03;1079.01;1074.65;1075.41;1073.71;1203.41;1200.80;1200.14;1193.34;1192.73;1194.13;1207.79;1207.30;1216.06;1211.60;1209.61;1218.12;1224.68;1223.05;1221.76;1228.28;1219.99;1220.55;1218.48;1223.14;1224.71;1220.59;1221.02;1218.67;1221.74;1225.87;1225.51;1228.11;1234.29;1234.61;1243.10;1246.70;1247.07;1255.90;1263.88;1256.11;1253.73;1258.84;1252.02;1259.65;1265.48;1256.24;1251.41;1255.19;1262.01;1260.53;1267.60;1274.79;1275.76;1271.60;1274.22;1260.05;1266.63;1274.79;1260.42;1268.61;1277.75;1281.13;1284.13;1289.22;1289.41;1276.82;1279.67;1273.27;1284.22;1285.38;1278.10;1276.47;1291.88;1289.90;1290.63;1294.45;1295.35;1287.37;1291.45;1296.10;1288.26;1291.38;1293.79;1279.82;1297.05;1304.22;1305.24;1300.07;1306.77;1300.40;1298.24;1322.70;1325.71;1331.29;1348.79;1345.76;1345.42;1367.71;1396.52;1383.68;1426.63;1436.64;1443.81;1476.83;1493.01;1497.25;1500.77;1541.07;1560.72;1592.06;1599.22;1619.38;1620.61;1647.75;1661.79
Odkurzacz domowy;358.22;358.61;356.58;358.77;358.08;352.61;354.59;352.55;357.34;354.33;353.58;350.39;349.97;349.28;351.71;353.42;348.80;348.76;351.19;354.24;355.13;357.51;356.23;356.06;361.12;359.89;355.62;354.53;356.37;355.23;352.08;353.74;348.73;349.33;348.06;345.57;346.36;348.58;349.11;345.45;347.61;344.70;342.84;343.07;345.17;342.88;344.09;339.93;341.50;341.17;340.30;342.16;343.72;347.60;344.96;343.73;347.34;354.58;356.27;365.32;366.76;364.57;368.58;368.29;369.76;370.97;367.91;363.93;360.70;355.20;354.05;349.65;349.80;351.66;350.65;350.98;351.20;348.14;350.20;355.50;359.20;362.54;367.02;364.89;358.23;361.27;359.54;360.34;358.86;353.33;354.31;358.04;355.48;358.54;357.98;360.19;359.80;369.11;379.75;386.37;394.06;394.76;399.28;398.88;396.39;400.46;398.49;400.93;393.63;395.08;393.20;386.92;393.61;390.31;394.14;398.98;400.86;405.37;407.20;407.52;402.98;403.51;408.38;398.51;395.98;400.68;407.89;402.74;404.89;402.82;401.85;398.97;405.80;407.50;406.77;404.20;413.10;416.39;416.65;415.62;412.44;421.81;427.00;435.88;439.96;445.33;450.91;452.72;465.43;469.83;477.47;476.63;481.10;491.03;494.91;500.74;499.79;502.27;502.64
Proszek do prania – za 300 g;4.36;4.40;4.42;4.40;4.44;4.42;4.43;4.37;4.36;4.36;4.41;4.43;4.47;4.46;4.45;4.47;4.44;4.44;4.44;4.46;4.43;4.45;4.46;4.46;4.49;4.48;4.51;4.55;4.56;4.58;4.60;4.60;4.59;4.60;4.63;4.60;4.52;4.50;4.52;4.52;4.53;4.54;4.54;4.54;4.54;4.55;4.54;4.55;4.53;4.50;4.45;4.50;4.65;4.91;4.97;5.05;5.09;5.19;5.19;5.19;5.50;5.55;5.56;5.55;5.54;5.50;5.53;5.39;5.35;5.32;5.32;5.33;5.53;5.52;5.46;5.46;5.46;5.45;5.45;5.44;5.47;5.46;5.46;5.45;5.45;5.42;5.44;5.47;5.45;5.48;5.51;5.50;5.47;5.45;5.47;5.48;5.48;5.48;5.49;5.50;5.49;5.51;5.48;5.47;5.47;5.52;5.53;5.52;5.51;5.53;5.52;5.52;5.51;5.45;5.43;5.49;5.55;5.52;5.49;5.46;5.44;5.39;5.41;5.36;5.37;5.35;5.43;5.39;5.43;5.42;5.49;5.48;5.46;5.35;5.51;5.53;5.52;5.54;5.55;5.52;5.55;5.55;5.55;5.55;32.25;30.84;32.07;33.44;33.11;33.90;35.30;37.55;36.34;38.63;36.94;39.53;40.02;39.15;41.48
Upranie bielizny pościelowej – za 1 kg;9.02;9.01;9.04;9.08;9.04;9.12;9.18;9.23;9.26;9.29;9.29;9.36;9.55;9.63;9.74;9.77;9.82;9.84;9.87;9.89;9.97;9.99;10.04;10.04;10.15;10.21;10.23;10.31;10.39;10.39;10.39;10.39;10.40;10.46;10.51;10.54;10.50;10.60;10.57;10.58;10.59;10.58;10.60;10.61;10.79;10.72;10.71;10.83;10.93;11.05;11.09;11.12;11.11;11.11;11.13;11.14;11.16;11.16;11.14;11.11;11.19;11.11;11.13;11.12;11.09;11.11;11.04;11.09;11.10;11.20;11.32;11.38;11.46;11.52;11.53;11.51;11.53;11.53;11.53;11.56;11.56;11.61;11.65;11.66;11.74;11.81;11.85;11.94;11.97;12.00;12.02;12.07;12.14;12.16;12.23;12.30;12.37;12.36;12.39;12.42;12.48;12.56;12.56;12.63;12.62;12.72;12.77;12.89;13.05;13.07;13.13;13.29;13.31;13.38;13.45;13.56;13.61;13.63;13.62;13.66;13.95;14.20;14.48;14.61;14.65;14.83;14.92;14.99;15.08;15.17;15.21;15.16;15.24;15.31;15.33;15.43;15.45;15.46;15.60;15.72;15.86;16.12;16.37;16.54;17.25;17.81;18.22;18.49;18.75;18.93;19.07;19.40;19.57;20.13;20.09;20.35;21.16;21.40;21.86
Geriavit, kapsułki – za 100 szt.;92.49;93.17;92.96;92.98;93.41;93.66;93.58;93.75;94.30;94.51;94.44;92.38;93.33;93.88;94.37;93.02;91.70;91.71;92.87;93.95;94.18;95.35;93.88;91.47;91.11;91.47;92.41;92.67;92.25;93.12;93.37;93.26;93.82;94.35;94.29;92.65;93.22;92.99;92.59;92.78;92.57;93.01;93.92;93.87;94.42;93.84;93.94;92.50;92.80;92.82;93.03;92.45;91.91;92.57;93.14;92.98;93.66;92.42;92.70;91.38;90.89;92.34;92.87;92.41;90.49;90.92;90.09;90.06;90.46;90.35;90.07;88.83;88.52;88.68;89.03;88.58;87.80;88.35;88.30;88.33;88.54;88.95;88.89;88.11;88.01;88.71;88.86;88.92;88.20;88.64;88.34;88.58;89.05;89.46;89.78;88.90;88.78;89.15;89.45;89.83;89.45;89.59;90.52;90.13;90.53;90.98;89.87;88.93;89.94;90.44;90.65;91.00;91.66;91.47;91.85;92.06;91.99;92.06;91.83;92.09;91.52;91.74;91.69;91.74;91.92;91.69;91.67;91.55;92.44;91.97;92.47;92.59;93.50;94.13;94.46;93.91;93.96;93.43;94.31;93.44;93.26;93.77;94.16;93.99;93.35;94.20;96.25;96.09;97.12;98.26;98.86;98.47;98.73;98.91;99.51;98.51;97.85;97.44;100.82
Wizyta u lekarza specjalisty;66.43;66.63;67.06;67.81;68.03;68.00;68.10;68.34;68.78;69.29;69.36;69.63;70.90;71.68;71.92;72.07;72.67;72.79;73.00;73.29;73.39;73.73;74.09;74.13;75.55;76.95;77.42;77.52;77.84;78.10;78.20;78.53;79.13;79.40;79.71;79.90;80.34;80.55;81.06;81.56;81.88;82.02;82.38;82.62;83.13;83.47;83.92;83.97;85.07;85.38;85.89;85.89;86.17;86.48;86.87;87.20;87.08;87.15;87.43;87.45;88.00;88.19;88.77;88.79;89.04;89.27;89.27;89.39;89.60;89.65;89.99;90.26;91.37;91.60;91.93;92.36;92.58;92.87;92.91;93.13;93.32;93.47;93.71;93.93;95.42;96.64;96.79;97.03;97.51;98.59;98.74;98.83;99.02;99.75;100.18;100.85;101.81;102.20;102.53;103.01;103.25;103.79;104.03;104.22;104.80;105.33;106.41;106.31;107.51;109.14;109.92;111.05;111.58;111.97;112.30;112.78;114.69;115.42;116.36;116.70;119.36;120.58;121.35;121.87;125.02;125.72;128.44;128.65;129.88;130.60;132.23;132.78;134.66;135.55;135.52;136.19;136.44;137.59;137.66;138.17;138.66;140.00;141.96;143.82;150.31;153.76;157.63;160.02;161.49;163.34;164.75;166.92;169.79;171.87;173.28;174.41;177.77;180.24;184.01
Benzyna silnikowa bezołowiowa, 95-oktanowa – za 1 l;4.37;4.38;4.46;4.59;4.71;4.72;4.71;4.61;4.58;4.58;4.60;4.81;4.91;4.83;5.00;5.15;5.18;5.13;5.14;5.20;5.11;5.24;5.39;5.45;5.58;5.62;5.74;5.88;5.86;5.82;5.66;5.72;5.86;5.85;5.62;5.53;5.44;5.53;5.63;5.60;5.37;5.44;5.57;5.60;5.68;5.53;5.37;5.38;5.31;5.33;5.37;5.34;5.38;5.39;5.48;5.41;5.34;5.29;5.09;4.82;4.47;4.42;4.64;4.71;4.80;4.92;5.05;4.92;4.64;4.47;4.46;4.33;4.11;3.99;4.04;4.21;4.42;4.53;4.46;4.35;4.47;4.56;4.52;4.73;4.77;4.78;4.71;4.69;4.60;4.44;4.38;4.47;4.62;4.60;4.74;4.70;4.74;4.67;4.63;4.77;5.03;5.10;5.11;5.10;5.13;5.12;5.08;4.90;4.81;4.81;4.83;5.15;5.24;5.26;5.18;5.14;5.01;4.95;4.93;4.96;5.00;4.94;4.76;4.14;3.96;4.17;4.29;4.45;4.53;4.49;4.46;4.57;4.69;4.80;5.12;5.33;5.32;5.37;5.67;5.77;5.82;5.90;6.03;6.00;5.76;5.32;6.63;6.49;6.96;7.93;7.60;6.85;6.48;6.79;6.65;6.58;6.59;6.76;6.77
Olej napędowy – za 1 l;4.01;4.00;4.07;4.20;4.41;4.45;4.46;4.36;4.37;4.39;4.41;4.64;4.74;4.71;4.95;5.08;5.07;5.00;4.97;5.06;5.07;5.21;5.50;5.61;5.76;5.78;5.80;5.80;5.78;5.74;5.59;5.68;5.78;5.76;5.70;5.64;5.54;5.57;5.66;5.59;5.36;5.42;5.56;5.58;5.68;5.59;5.46;5.46;5.39;5.40;5.42;5.36;5.36;5.33;5.39;5.32;5.26;5.22;5.04;4.81;4.51;4.50;4.71;4.68;4.73;4.80;4.73;4.56;4.38;4.35;4.39;4.26;3.94;3.75;3.89;3.92;4.09;4.28;4.23;4.14;4.30;4.40;4.39;4.62;4.69;4.69;4.61;4.55;4.45;4.26;4.21;4.31;4.39;4.47;4.61;4.59;4.65;4.58;4.55;4.70;5.00;5.07;5.08;5.03;5.07;5.16;5.32;5.19;5.08;5.07;5.15;5.21;5.21;5.21;5.12;5.08;5.02;4.98;4.98;5.10;5.24;5.16;4.87;4.26;4.06;4.22;4.25;4.39;4.45;4.38;4.39;4.54;4.68;4.80;5.12;5.28;5.27;5.33;5.49;5.49;5.62;5.90;6.04;6.02;5.81;5.37;7.25;7.20;7.39;7.67;7.70;7.22;7.51;7.86;7.92;7.74;7.70;7.56;7.13
Mycie mechaniczne nadwozia samochodu osobowego;15.09;15.08;15.10;15.17;15.16;15.18;15.19;15.22;15.22;15.21;15.25;15.28;15.38;15.44;15.50;15.55;15.63;15.58;15.58;15.64;15.77;15.82;15.83;15.83;16.00;16.01;16.17;16.28;16.33;16.34;16.36;16.44;16.51;16.54;16.54;16.55;16.65;16.64;16.65;16.68;16.76;16.76;16.75;16.75;16.76;16.79;16.83;16.89;16.97;16.96;16.96;16.97;17.03;17.03;17.05;17.05;17.08;17.08;17.12;17.13;17.12;17.12;17.20;17.22;17.28;17.32;17.35;17.42;17.49;17.52;17.60;17.63;17.69;17.66;17.65;17.61;17.67;17.68;17.68;17.74;17.74;17.69;17.71;17.80;17.83;17.87;17.93;17.95;17.96;17.96;17.96;17.96;18.05;18.06;18.12;18.12;18.14;18.23;18.21;18.31;18.29;18.37;18.37;18.41;18.42;18.38;18.44;18.54;18.66;18.74;18.99;19.08;19.13;19.17;19.27;19.31;19.42;19.48;19.54;19.54;19.59;19.74;19.80;19.86;19.93;19.96;19.94;19.94;20.04;20.15;20.17;20.22;20.32;20.46;20.53;20.53;20.66;20.70;20.75;20.85;20.90;21.24;21.34;21.45;21.82;22.24;22.35;22.48;22.88;23.09;23.57;23.63;23.72;24.08;24.25;24.83;25.71;25.91;26.07
Bilet jednorazowy, normalny, na przejazd pociągiem pospiesznym kl. I, na odległość 291-300 km;38.00;39.00;39.00;39.00;39.00;39.00;39.00;39.00;39.00;39.00;39.00;39.00;39.40;40.20;40.20;40.20;40.20;40.20;40.20;40.20;40.20;41.00;41.00;41.00;43.00;43.00;43.00;43.00;43.00;43.00;43.00;43.00;43.00;43.00;43.00;43.00;47.00;47.00;47.00;47.00;47.00;47.00;47.00;47.00;47.00;47.00;47.00;47.00;47.00;47.00;47.00;47.00;47.00;47.00;47.00;47.00;47.00;47.00;47.00;47.00;47.00;47.00;47.00;47.00;47.00;47.00;47.00;47.00;47.00;47.00;47.00;47.92;50.00;50.00;50.00;50.00;50.00;50.00;50.00;50.00;50.00;50.00;50.00;50.00;50.00;50.00;50.00;50.00;50.00;50.00;50.00;50.00;50.00;50.00;50.00;50.00;50.00;50.00;50.00;50.00;50.00;50.00;50.00;50.00;50.00;50.00;50.00;50.00;50.00;50.00;50.00;50.00;50.00;50.00;50.00;50.00;50.00;50.00;50.00;50.00;50.00;50.00;50.00;50.00;50.00;50.00;50.00;50.00;50.00;50.00;50.00;50.00;78.00;78.00;78.00;78.00;78.00;78.00;78.00;78.00;78.00;78.00;78.00;78.00;88.00;88.00;88.00;88.00;88.00;88.00;88.00;88.00;88.00;88.00;88.00;88.00;98.00;98.00;88.00
Bilet na przejazd autobusem lub busem zwykłym w komunikacji krajowej, na odległość 11-50 km;9.74;9.86;9.87;9.89;9.89;9.91;9.93;9.94;10.02;10.02;10.04;10.06;10.41;10.48;10.52;10.65;10.70;10.72;10.77;10.80;10.85;10.86;10.91;11.03;11.24;11.37;11.51;11.53;11.51;11.54;11.55;11.62;11.65;11.66;11.72;11.70;11.74;11.77;11.79;11.80;11.81;11.82;11.84;11.86;11.84;11.87;11.88;11.89;11.90;11.88;11.89;11.89;11.88;11.91;11.90;11.96;11.99;11.97;11.97;11.96;11.95;11.93;11.93;11.92;11.90;11.90;11.91;11.89;11.87;11.87;11.86;11.85;11.83;11.85;11.78;11.79;11.79;11.79;11.81;11.76;11.71;11.71;11.68;11.61;11.62;11.66;11.71;11.72;11.72;11.72;11.74;11.75;11.78;11.76;11.78;11.75;11.79;11.83;11.83;11.84;11.85;11.87;11.87;11.87;11.83;11.91;11.96;12.00;12.06;12.13;12.12;12.16;12.13;12.25;12.23;12.23;12.22;12.24;12.31;12.31;12.37;12.44;12.47;12.49;12.52;12.47;12.46;12.39;12.42;12.35;12.38;12.37;8.87;8.86;8.85;8.86;8.87;8.89;8.91;8.97;9.04;9.14;9.30;9.41;9.67;9.80;10.12;10.47;10.68;10.72;10.78;10.85;11.09;11.26;11.43;11.46;11.54;11.63;11.69
Bilet jednorazowy na przejazd autobusem miejskim;2.21;2.22;2.23;2.23;2.23;2.23;2.23;2.23;2.23;2.23;2.24;2.23;2.24;2.24;2.25;2.26;2.30;2.30;2.33;2.39;2.45;2.45;2.46;2.46;2.48;2.48;2.51;2.54;2.57;2.59;2.59;2.61;2.62;2.63;2.64;2.64;2.69;2.69;2.72;2.71;2.72;2.72;2.72;2.73;2.73;2.73;2.73;2.73;2.73;2.73;2.73;2.73;2.73;2.73;2.73;2.73;2.73;2.71;2.71;2.72;2.72;2.72;2.72;2.71;2.71;2.71;2.71;2.71;2.71;2.71;2.71;2.71;2.71;2.72;2.72;2.71;2.71;2.71;2.71;2.71;2.70;2.71;2.71;2.71;2.70;2.68;2.68;2.69;2.69;2.69;2.68;2.69;2.70;2.70;2.71;2.71;2.73;2.73;2.74;2.74;2.74;2.74;2.74;2.74;2.74;2.74;2.74;2.74;2.75;2.74;2.74;2.74;2.76;2.77;2.77;2.78;2.79;2.78;2.79;2.80;2.81;2.82;2.85;2.86;2.87;2.87;2.89;2.89;2.90;2.90;2.91;2.91;2.96;2.98;2.99;3.02;3.02;3.02;3.00;3.01;3.04;3.04;3.04;3.06;3.11;3.15;3.18;3.19;3.22;3.28;3.32;3.33;3.36;3.41;3.43;3.45;3.53;3.54;3.55
Przejazd taksówką osobową (taryfa dzienna) – za 5 km;15.01;14.84;14.87;14.88;14.91;14.93;14.95;14.94;14.96;14.97;15.01;15.05;15.28;15.28;15.30;15.37;15.41;15.41;15.42;15.47;15.48;15.46;15.57;15.63;15.71;15.80;15.87;15.88;15.93;15.89;15.92;15.96;15.97;15.98;16.05;16.04;16.07;16.11;16.11;16.11;16.10;16.06;16.05;16.09;16.10;16.11;16.10;16.11;16.14;16.14;16.15;16.15;16.12;16.13;16.14;16.13;16.15;16.15;16.19;16.19;15.94;15.93;15.90;15.85;15.89;15.84;15.84;15.86;15.86;15.86;15.88;15.87;15.87;15.88;15.89;15.92;15.90;15.92;15.93;15.95;15.96;15.96;15.95;16.00;16.08;16.19;16.18;16.19;16.19;16.24;16.25;16.27;16.25;16.25;16.24;16.24;16.27;16.27;16.29;16.29;16.30;16.31;16.35;16.37;16.39;16.40;16.45;16.48;16.55;16.59;16.61;16.59;16.61;16.68;16.69;16.77;16.82;16.88;16.88;16.88;16.97;16.99;17.02;16.99;17.06;17.06;17.10;17.18;17.20;17.22;17.23;17.32;17.37;17.42;17.47;17.53;17.54;17.64;17.74;17.85;18.04;18.39;18.68;18.89;19.27;19.47;20.23;20.62;20.72;21.05;21.40;21.52;21.82;22.05;22.21;22.67;22.85;23.02;23.20
Znaczek na list krajowy zwykły, nierejestrowany, ekonomiczny do 50 g;1.55;1.55;1.55;1.55;1.55;1.55;1.55;1.55;1.55;1.55;1.55;1.55;1.55;1.55;1.55;1.55;1.55;1.55;1.55;1.55;1.55;1.55;1.55;1.55;1.55;1.55;1.55;1.55;1.55;1.55;1.55;1.55;1.55;1.55;1.55;1.55;2.68;2.68;2.68;2.68;2.68;2.68;2.68;2.68;2.68;2.68;2.68;2.68;2.68;2.75;2.75;2.75;2.75;2.75;2.75;2.75;2.75;2.75;2.75;2.75;2.75;2.75;2.75;2.75;2.75;2.75;2.75;2.75;2.75;2.75;2.75;2.75;2.75;2.75;2.88;2.88;2.88;2.88;2.88;2.88;2.88;2.88;2.88;2.88;2.88;3.18;3.18;3.18;3.18;3.18;3.18;3.18;3.18;3.18;3.18;3.18;3.18;3.18;3.18;3.18;3.18;3.18;3.18;3.18;3.18;3.18;3.18;3.18;3.18;3.18;3.18;4.63;4.63;4.63;4.63;4.63;4.63;4.63;4.63;4.63;4.63;4.63;4.63;4.63;4.63;4.63;4.63;4.63;4.63;4.63;4.63;4.63;3.30;3.30;3.30;3.30;3.30;3.30;3.30;3.30;3.30;3.30;3.30;3.30;3.60;3.60;3.60;3.60;3.60;3.60;3.60;3.60;3.60;3.90;3.90;3.90;3.90;3.90;3.90
Odbiornik telewizyjny 32 cale;1986.02;1967.74;1917.70;1876.59;1838.45;1821.63;1827.88;1849.24;1861.73;1833.50;1809.55;1782.80;1762.21;1737.52;1699.10;1642.80;1632.62;1606.92;1577.14;1566.18;1563.27;1538.94;1540.81;1546.46;2170.69;2184.85;2212.93;2228.53;2238.26;2248.64;2288.94;2288.52;2325.03;2317.89;2282.98;2270.87;2261.97;2246.44;2189.29;2138.40;2143.68;2145.48;2073.73;2042.85;2005.00;2007.06;2003.33;2019.65;2032.07;2029.00;1987.40;1894.81;1857.45;1840.90;1779.04;1689.40;1632.61;1623.99;1607.28;1566.83;1109.72;1094.27;1097.71;1114.40;1121.19;1126.65;1143.55;1141.38;1141.95;1152.49;1142.69;1142.22;1134.04;1145.61;1149.94;1147.93;1153.84;1146.16;1140.72;1138.68;1120.87;1116.89;1133.81;1119.47;1100.83;1101.31;1102.84;1103.92;1103.62;1118.65;1107.15;1109.99;1124.34;1145.54;1150.17;1131.30;1110.89;1107.14;1107.02;1113.10;1117.46;1100.98;1086.78;1099.80;1111.30;1094.17;1081.99;1079.06;1058.62;1055.47;1042.04;1020.58;1014.85;1027.82;1037.41;1023.83;1021.68;1017.56;1013.43;996.34;967.00;971.18;967.40;951.37;959.18;944.75;959.59;938.93;937.42;935.64;915.77;919.66;950.88;969.81;971.45;981.54;992.06;992.77;996.85;1003.45;1015.82;1048.82;1050.95;1045.01;1076.33;1066.69;1061.63;1055.95;1047.32;1044.98;1024.79;1044.87;1007.03;1004.47;1037.77;1030.77;1068.15;1062.06;1080.23
Bilet do kina;14.82;14.89;14.99;15.04;15.08;15.07;15.06;15.10;15.15;15.16;15.21;15.23;15.32;15.43;15.49;15.57;15.56;15.60;15.56;15.60;15.75;15.81;15.88;15.89;16.02;16.05;16.13;16.21;16.24;16.35;16.42;16.46;16.57;16.57;16.62;16.68;16.87;16.87;16.96;17.02;17.06;17.13;16.97;16.91;17.04;17.32;17.30;17.30;17.41;17.49;17.50;17.50;17.55;17.62;17.71;17.76;17.81;17.81;17.83;17.86;18.06;18.10;18.13;18.21;18.22;18.20;18.27;18.32;18.28;18.27;18.31;18.39;18.47;18.57;18.65;18.67;18.71;18.72;18.72;18.75;18.82;18.78;18.89;19.02;19.22;19.28;19.39;19.42;19.44;19.51;19.54;19.58;19.65;19.58;19.54;19.58;19.61;19.67;19.70;19.74;19.77;19.81;19.85;19.83;19.84;19.87;19.98;19.90;20.05;20.20;20.00;19.95;19.94;19.96;19.99;20.07;20.05;20.05;19.95;19.97;19.89;19.90;19.48;19.48;19.48;19.31;19.02;19.06;19.15;19.19;19.07;19.09;19.09;19.23;19.26;19.28;19.31;19.70;19.74;19.77;19.78;19.77;19.83;19.93;20.31;20.39;20.47;20.57;20.59;20.67;20.76;20.90;21.06;21.26;21.42;21.45;21.54;21.65;21.74
Strzyżenie włosów męskich;14.37;14.36;14.42;14.52;14.58;14.53;14.56;14.59;14.64;14.72;14.77;14.78;14.94;15.14;15.26;15.34;15.38;15.35;15.34;15.40;15.44;15.44;15.52;15.56;15.73;15.80;15.89;15.96;16.00;16.03;16.06;16.08;16.11;16.15;16.14;16.21;16.12;16.13;16.16;16.33;16.36;16.38;16.39;16.40;16.42;16.46;16.51;16.56;16.67;16.74;16.76;16.78;16.82;16.81;16.81;16.86;16.85;16.94;16.97;16.99;17.08;17.08;17.11;17.11;17.14;17.17;17.20;17.19;17.18;17.17;17.22;17.32;17.31;17.35;17.49;17.52;17.54;17.53;17.57;17.61;17.61;17.67;17.68;17.71;17.85;18.03;18.13;18.16;18.22;18.39;18.47;18.50;18.55;18.57;18.54;18.66;18.90;19.01;19.11;19.16;19.29;19.34;19.35;19.43;19.50;19.60;19.64;19.73;20.08;20.35;20.61;20.67;20.87;20.95;21.15;21.27;21.37;21.46;21.54;21.66;22.28;22.87;23.16;23.16;25.37;25.84;26.30;26.56;26.63;26.62;26.83;27.07;27.55;27.67;27.84;27.82;28.13;28.23;28.54;28.60;28.78;28.94;29.41;29.86;31.43;32.05;32.61;33.03;33.62;34.23;34.35;34.76;35.04;35.46;35.84;36.46;37.42;38.08;38.61
Mydło toaletowe w kostce – za 90 g;1.94;1.95;1.96;1.97;1.97;1.98;1.99;1.96;1.95;1.97;1.97;1.98;1.99;1.98;1.99;2.00;1.98;1.99;1.99;1.96;1.97;1.99;1.98;2.00;2.00;1.97;1.99;2.01;1.97;2.00;2.00;2.00;2.00;2.01;2.03;1.99;2.01;2.04;2.04;2.03;2.06;2.03;2.04;2.05;2.06;2.05;2.02;2.03;1.99;2.04;2.04;2.03;2.03;2.01;2.01;2.01;1.99;2.00;1.96;1.98;1.99;1.98;1.94;1.98;1.96;1.97;1.95;1.93;1.95;1.96;1.92;1.96;1.96;1.96;1.95;1.99;1.99;1.95;1.98;1.99;1.98;1.99;2.00;1.95;1.99;2.00;2.11;2.12;2.13;2.13;2.11;2.13;2.14;2.13;2.16;2.13;1.93;1.97;2.00;1.97;1.98;1.96;1.97;2.03;2.03;2.04;2.01;2.05;2.03;2.05;2.03;2.03;2.06;2.03;1.97;2.04;1.96;2.09;2.13;2.14;2.15;2.12;2.17;2.21;2.13;2.23;2.13;2.22;2.29;2.21;2.25;2.34;2.18;2.17;2.28;2.24;2.31;2.30;2.29;2.30;2.31;2.28;2.28;2.33;2.29;2.36;2.40;2.35;2.46;2.50;2.44;2.80;2.82;2.77;2.86;3.01;2.96;3.00;3.08
Szampon do włosów – za 400 ml;8.04;8.14;8.33;8.45;8.52;8.54;8.57;8.61;8.59;8.67;8.64;8.60;8.69;8.76;8.75;8.86;8.79;8.78;8.94;8.92;8.98;9.05;9.03;9.14;9.13;9.18;9.33;9.29;9.26;9.36;9.23;9.43;9.47;9.38;9.52;9.48;9.61;9.72;9.72;9.73;9.72;9.75;9.74;9.87;9.77;9.94;9.87;9.85;9.88;9.91;9.94;9.94;10.10;10.21;10.37;10.31;10.31;10.30;10.35;10.34;9.11;9.06;9.01;9.03;9.03;9.07;9.03;9.06;8.96;8.74;8.93;8.82;8.70;8.81;8.92;8.66;8.99;8.94;8.98;9.11;9.14;9.26;9.19;8.91;12.12;11.89;11.75;11.69;11.30;11.50;11.86;11.12;11.39;11.13;10.93;11.64;11.41;11.27;11.36;11.14;11.74;11.55;11.63;11.49;11.66;11.76;11.06;11.25;11.39;11.34;11.46;11.73;11.13;11.60;11.61;11.28;11.77;11.50;11.66;11.50;11.60;11.72;11.84;12.17;12.03;11.72;11.76;12.23;11.24;12.17;11.61;12.07;12.17;11.49;11.91;12.24;12.26;11.54;12.05;12.24;11.72;11.79;12.03;12.31;12.09;12.21;12.55;11.71;12.65;12.53;12.47;13.59;13.01;13.56;13.50;14.05;14.85;13.78;15.64
Pasta do zębów – za 100 ml;8.16;8.12;8.21;8.26;8.22;8.28;8.30;8.30;8.35;8.26;8.23;8.37;8.34;8.36;8.42;8.38;8.51;8.48;8.50;8.41;8.39;8.41;8.34;8.36;8.04;8.09;7.91;8.22;8.30;8.14;8.10;8.28;7.97;8.19;8.26;8.06;8.17;7.93;8.05;8.06;8.20;8.04;8.08;8.17;7.74;8.09;8.18;8.24;7.88;8.05;7.96;8.10;8.24;8.17;8.18;7.96;8.01;8.20;7.94;7.82;8.29;8.16;8.17;7.85;8.21;8.20;8.07;7.92;8.09;8.10;8.03;7.73;8.11;7.79;7.72;8.06;8.21;8.11;7.90;7.98;8.19;7.95;8.01;7.95;8.04;7.80;7.62;7.97;8.20;7.93;8.19;8.23;8.59;8.78;8.74;8.72;8.99;9.11;8.86;9.13;9.37;8.93;8.80;8.73;8.82;9.12;9.20;9.09;9.07;9.27;9.65;10.22;10.39;10.65;10.64;10.51;10.91;10.40;10.71;10.66;10.72;11.19;10.55;10.65;10.41;10.22;10.80;10.51;10.70;10.62;10.79;9.98;10.32;10.25;10.34;10.52;10.80;10.48;10.22;10.34;10.14;9.92;10.00;10.50;10.31;10.45;10.33;10.33;10.97;10.78;11.06;11.40;11.17;11.26;11.60;11.07;11.60;12.53;12.08
